Category,Brand,Model,Year_Released,System_Type,Size_Length,Weight_Mass_Draw,Material_Core_Damping,Notes
Riser,Hoyt,Gold Medalist (TD4),2000,ILF,25",1200g,Cast Magnesium,Classic
Riser,Hoyt,Avalon Plus,2000,ILF,25",1250g,Machined Aluminum,
Riser,Hoyt,Elan,2000,ILF,25",1224g,Machined Aluminum,
Riser,Hoyt,Matrix,2001,ILF,25",1224g,Machined Aluminum,
Riser,Hoyt,Aerotec,2002,ILF,25",1315g,Machined Aluminum,
Riser,Hoyt,Eclipse,2005,ILF,25",1133g,Machined Aluminum,
Riser,Hoyt,Helix,2006,ILF,25",1315g,Machined Aluminum,
Riser,Hoyt,Nexus,2007,ILF,25",1224g,Machined Aluminum,
Riser,Hoyt,Excel,2009,ILF,21"/23",1040g,Machined Aluminum,Beginner
Riser,Hoyt,GMX,2009,ILF,25",1320g,Machined Aluminum,Flagship
Riser,Hoyt,Horizon,2010,ILF,25",1088g,Machined Aluminum,Intermediate
Riser,Hoyt,Formula RX,2010,Formula,25"/27",1224g,Machined Aluminum,First Formula
Riser,Hoyt,Formula Excel,2011,Formula,21"/23"/25",1133g,Machined Aluminum,
Riser,Hoyt,Horizon Pro,2012,ILF,25",1088g,Machined Aluminum,
Riser,Hoyt,HPX,2012,Formula,25"/27",1224g,Machined Aluminum,
Riser,Hoyt,Formula Excel Pro,2013,Formula,25",1133g,Machined Aluminum,
Riser,Hoyt,Ion-X,2013,Formula,25"/27",1224g,Machined Aluminum,
Riser,Hoyt,Prodigy / XT,2015,Formula,25"/27",1270g,Machined Aluminum,
Riser,Hoyt,Epik,2017,ILF,25"/27",1315g,Machined Aluminum,
Riser,Hoyt,Faktor,2017,Formula,25"/27",1215g,Machined Aluminum,
Riser,Hoyt,Alero,2018,ILF,25",1315g,Machined Aluminum,
Riser,Hoyt,Xceed,2020,ILF,25"/27",1270g,Machined Aluminum,
Riser,Hoyt,Arcos,2021,ILF,25",1338g,Machined Aluminum,
Riser,Hoyt,Xact,2021,ILF,25",1079g,Machined Aluminum,
Riser,Hoyt,Formula XD,2023,Formula,25",1251g,Machined Aluminum,
Riser,Hoyt,GMX 3 Series,2024,ILF,25"/27",1329g,Machined Aluminum,
Riser,Hoyt,Xceed 2,2026,ILF,25",1370g,Machined Aluminum,
Riser,Hoyt,Formula SR,2026,Formula,25",1370g,Machined Aluminum,
Limbs,Hoyt,FX,2000,ILF,66"/68"/70",22-50 lbs,Foam / Carbon,
Limbs,Hoyt,Vector,2001,ILF,66"/68"/70",22-50 lbs,Foam / Carbon,
Limbs,Hoyt,Epic,2002,ILF,66"/68"/70",22-50 lbs,Wood / Carbon,
Limbs,Hoyt,G3,2003,ILF,66"/68"/70",22-50 lbs,Syntactic Foam / Carbon,
Limbs,Hoyt,ZR330,2004,ILF,66"/68"/70",14-36 lbs,Wood / Glass Fiber,
Limbs,Hoyt,M1,2005,ILF,66"/68"/70",22-50 lbs,Wood / Carbon,
Limbs,Hoyt,900CX,2007,ILF,66"/68"/70",22-50 lbs,Syntactic Foam / Carbon,
Limbs,Hoyt,990TX,2009,ILF,66"/68"/70",22-50 lbs,Foam / Carbon,
Limbs,Hoyt,Excel,2009,ILF,66"/68"/70",16-40 lbs,Wood / Glass Fiber,
Limbs,Hoyt,F2 / F3 / F4,2010,Formula,66"/68"/70",22-50 lbs,Foam or Wood / Carbon,
Limbs,Hoyt,F7,2012,ILF/Formula,66"/68"/70"/73",22-50 lbs,Foam or Wood / Carbon,
Limbs,Hoyt,Quattro,2014,ILF/Formula,66"/68"/70"/73",22-50 lbs,Foam or Wood / Carbon,
Limbs,Hoyt,Carbon 720,2014,ILF/Formula,66"/68"/70",22-50 lbs,Maple Wood / Carbon,
Limbs,Hoyt,X-Tour,2017,ILF/Formula,66"/68"/70"/73",22-50 lbs,Bamboo or Foam / Carbon,
Limbs,Hoyt,Carbon 814,2017,ILF/Formula,66"/68"/70",22-50 lbs,Wood / Glass / Carbon,
Limbs,Hoyt,Velos,2019,ILF/Formula,66"/68"/70"/73",22-50 lbs,Bamboo / Carbon,
Limbs,Hoyt,Carbon Integra,2019,ILF/Formula,66"/68"/70",22-50 lbs,Maple Wood / Carbon,
Limbs,Hoyt,Xact,2021,ILF,66"/68"/70",20-38 lbs,Wood / Carbon,
Limbs,Hoyt,Axia,2022,ILF/Formula,66"/68"/70"/73",22-50 lbs,Resin Infused Core / Carbon,
Limbs,Hoyt,Metrix,2025,ILF/Formula,66"/68"/70"/73",22-50 lbs,Foam or Wood / Carbon,
Limbs,Hoyt,Artex,2025,ILF/Formula,66"/68"/70",20-40 lbs,Wood / Glass Fiber,
Riser,Win&Win,NX Xpert,2005,ILF,25",1250g,Forged Aluminum / Carbon,
Riser,Win&Win,Inno Carbon,2007,ILF,25",1250g,Carbon Graphite,
Riser,Win&Win,Inno CXT,2010,ILF,23"/25"/27",1200g,Carbon Composite,Weight Adjustable
Riser,Win&Win,Inno AL1,2011,ILF,25",1320g,Forged Aluminum,
Riser,Win&Win,Inno Max,2013,ILF,25",1300g,Carbon Graphite,
Riser,Wiawis,Nano MAX,2015,ILF,25",1320g,Carbon Nano-tube,
Riser,Wiawis,TFT,2017,ILF,25",1320g,Carbon / Titanium,
Riser,Win&Win,ATF,2018,ILF,25"/27",1300g,Machined Aluminum,
Riser,Wiawis,TFT-G,2019,ILF,25"/27",1315g,Graphene Carbon,
Riser,Wiawis,Radical Pro,2020,ILF,25",1300g,Graphene Carbon,
Riser,Win&Win,ATF-X,2020,ILF,25"/27",1300g,Machined Aluminum,
Riser,Wiawis,Meta DX,2021,ILF,25",1300g,Graphene Carbon / Steel,
Riser,Win&Win,ATF-DX,2023,ILF,25"/27",1360g,Machined Aluminum,
Riser,Wiawis,CX7,2024,ILF,25",1250g,Carbon Prepreg,
Limbs,Win&Win,Everest Pro,2000,ILF,66"/68"/70",28-48 lbs,Wood / Carbon,
Limbs,Win&Win,Synerzy,2002,ILF,66"/68"/70",28-48 lbs,Wood / Carbon,
Limbs,Win&Win,Winex,2004,ILF,66"/68"/70",28-48 lbs,Royal Cross Carbon / Foam,Legendary
Limbs,Win&Win,Pro-Accent,2005,ILF,66"/68"/70",28-48 lbs,Foam / Carbon,
Limbs,Win&Win,Inno Power,2007,ILF,66"/68"/70",28-48 lbs,Carbon / Foam,
Limbs,Win&Win,Inno EX Prime,2010,ILF,66"/68"/70",28-48 lbs,Wood / Nano Carbon,
Limbs,Win&Win,Inno EX Power,2010,ILF,66"/68"/70",28-48 lbs,Foam / Nano Carbon,
Limbs,Win&Win,RCX-100,2012,ILF,66"/68"/70",26-46 lbs,Foam / Carbon,
Limbs,Win&Win,Rapido,2014,ILF,66"/68"/70",24-44 lbs,Wood / Carbon,
Limbs,Wiawis,One,2014,ILF,66"/68"/70",28-48 lbs,Flax / Carbon / Foam or Wood,
Limbs,Wiawis,NS,2017,ILF,66"/68"/70",28-48 lbs,Graphene Foam or Wood,
Limbs,Wiawis,MXT-10,2019,ILF,66"/68"/70",28-48 lbs,Graphene Foam or Wood,
Limbs,Wiawis,NS-G,2020,ILF,66"/68"/70",28-48 lbs,Graphene Foam or Wood,
Limbs,Wiawis,CX7,2020,ILF,66"/68"/70",28-48 lbs,Polyurethane Foam / Carbon,
Limbs,Wiawis,MXT-XP,2022,ILF,66"/68"/70",28-48 lbs,Graphene Foam or Wood,
Limbs,Wiawis,NS-XP,2023,ILF,66"/68"/70",28-48 lbs,Graphene Foam or Wood,
Limbs,Wiawis,MXT-XT,2024,ILF,66"/68"/70",28-48 lbs,Graphene Foam or Wood,
Limbs,Wiawis,NS-G2,2024,ILF,66"/68"/70",28-48 lbs,Graphene Foam or Wood,
Riser,WNS,Motive FX,2017,ILF,23"/25",1120g,Aluminum,
Riser,WNS,Delta LX,2017,ILF,25",1200g,Aluminum,
Riser,WNS,Explore DX,2017,ILF,21"/25",1120g,Aluminum,
Riser,WNS,Vantage AX,2020,ILF,25",1210g,Aluminum,
Riser,WNS,Vantage CX,2020,ILF,25",1100g,Carbon,
Riser,WNS,Elnath FX,2022,ILF,25",1140g,Aluminum,
Riser,WNS,SPR-100,2023,ILF,25",1280g,Aluminum,
Limbs,WNS,Explore W1,2019,ILF,66"/68"/70",16-40 lbs,Wood / Glass,
Limbs,WNS,Explore CW,2019,ILF,66"/68"/70",22-42 lbs,Wood / Carbon,
Limbs,WNS,Delta F2,2019,ILF,66"/68"/70",18-40 lbs,Wood / Glass,
Limbs,WNS,Delta F3,2019,ILF,66"/68"/70",18-44 lbs,Wood / Glass / Carbon,
Limbs,WNS,Motive F5,2019,ILF,66"/68"/70",22-46 lbs,Foam / Glass,
Limbs,WNS,Motive C5,2019,ILF,66"/68"/70",22-46 lbs,Foam / Carbon,
Limbs,WNS,Vantage G7,2020,ILF,66"/68"/70",24-46 lbs,Wood / Glass,
Limbs,WNS,Vantage C8,2020,ILF,66"/68"/70",24-46 lbs,Foam / Carbon,
Riser,Fivics,Platina,2014,ILF,25",1300g,Machined Aluminum,
Riser,Fivics,Titan EX,2016,ILF,25"/27",1330g,Machined Aluminum,
Riser,Fivics,Vellator,2017,ILF,25",1100g,Machined Aluminum,Lightweight
Riser,Fivics,Vellator V2,2020,ILF,25",1100g,Machined Aluminum,
Riser,Fivics,Argon X,2021,ILF,25",1300g,Machined Aluminum,
Riser,Fivics,Xenia,2018,ILF,25",1100g,Die-cast Aluminum,Beginner
Riser,Fivics,Titan NX,2023,ILF,25"/27",1330g,Machined Aluminum,
Limbs,Fivics,Titan EX,2016,ILF,66"/68"/70",32-50 lbs,Wood / Carbon,
Limbs,Fivics,Vellator,2017,ILF,66"/68"/70",22-38 lbs,Foam or Wood / Carbon,
Limbs,Fivics,Argon X,2021,ILF,66"/68"/70",32-50 lbs,Foam / Carbon,
Limbs,Fivics,Xenia,2018,ILF,66"/68"/70",16-36 lbs,Wood / Glass,
Riser,MK Korea,MKX 10,2016,ILF & Formula,25",1250g,Machined Aluminum,Dual System
Riser,MK Korea,L3,2020,ILF,25",1200g,Machined Aluminum,
Riser,MK Korea,Z-Series,2022,ILF,25",1300g,Machined Aluminum,
Limbs,MK Korea,Mach 3,2016,ILF,66"/68"/70",32-48 lbs,Wood / Carbon,
Limbs,MK Korea,X-Core,2022,ILF,66"/68"/70",32-48 lbs,Foam / Carbon,
Riser,Uukha,Upro,2012,ILF,25",1220g,Monolith Carbon,
Riser,Uukha,Xpro2,2019,ILF,25",1125g,Monolith Carbon,
Limbs,Uukha,Sx50,2021,ILF,66"/68"/70"/72",24-42 lbs,Monolith Carbon 50%,
Limbs,Uukha,Altai,2021,ILF,66"/68"/70"/72",24-42 lbs,Monolith Carbon 100%,Target Flagship
Riser,Gillo,G1,2015,ILF,25"/27",1350g,Machined Aluminum,Barebow/Target
Riser,Gillo,GT,2020,ILF,25"/27"/29",1350g,Machined Aluminum,Adjustable Pockets
Riser,Gillo,GF,2023,ILF,25",1420g,Machined Aluminum,Vibration Damping
Riser,Kinetic,Arios,2017,ILF,25",1080g,Machined Aluminum,Beginner
Riser,Kinetic,Vygo,2019,ILF,25",1200g,Machined Aluminum,Barebow
Riser,Kinetic,Sovren,2021,ILF,25"/27",1230g,Machined Aluminum,Mid-range
Limbs,Kinetic,Finity,2022,ILF,66"/68"/70",20-44 lbs,Bamboo / Carbon,
Riser,Sanlida,Miracle X10,2020,ILF,25",1300g,Machined Aluminum,Target Flagship
Limbs,Sanlida,Miracle X10,2020,ILF,66"/68"/70",24-46 lbs,Foam / Carbon,
Riser,Sebastien Flute,Ascent,2021,ILF,25",1320g,Machined Aluminum,New SF Brand
Riser,Sebastien Flute,Iso Pro,2022,ILF,25",1200g,Machined Aluminum,
Limbs,Sebastien Flute,Ascent,2021,ILF,66"/68"/70",24-44 lbs,Carbon / Foam,
Riser,Samick,Masters,2000,ILF,25",1250g,Machined Aluminum,Olympic Winner
Riser,Samick,Avante,2014,ILF,25",1180g,Die-cast Aluminum,
Limbs,Samick,Masters,2000,ILF,66"/68"/70",28-48 lbs,Wood / Carbon,
Riser,Mybo,Elite,2018,ILF,25",1360g,Machined Aluminum,
Riser,Spigarelli,Revolution,2010,ILF,25",1250g,Machined Aluminum,Barebow
Stabilizer,RamRods,Ultra v1 / v2,2017,Long / Side,0.50",-,Standard,
Stabilizer,RamRods,K2,2019,Long / Side,0.5625",-,Standard,
Stabilizer,RamRods,Ultra v3,2020,Long / Side,0.50",-,VIBRO-CORE,
Stabilizer,RamRods,K2 v2,2020,Long / Side,0.5625",-,VIBRO-CORE,
Stabilizer,RamRods,Vektor,2022,Long / Side,Tapered,-,VIBRO-CORE,
Stabilizer,RamRods,Ultra v4,2023,Long / Side,0.50",-,VIBRO-CORE,
Stabilizer,RamRods,Ultra v4 S,2023,Long / Side,0.50",-,VIBRO-CORE,Super Stiff
Stabilizer,RamRods,XP,2023,Long / Side,0.63",-,Standard,
Stabilizer,RamRods,Beast,2023,Long / Side,0.625",-,Heavy Damping,
Stabilizer,RamRods,K2 v2.1,2024,Long / Side,0.5625",-,VIBRO-CORE,
Stabilizer,RamRods,Vektor 2,2024,Long / Side,Tapered,-,VIBRO-CORE,
Mount,RamRods,Macrolite,2017,Fixed V-Bar,40x0 / 45x0,-,Aluminum,
Mount,RamRods,Microlite,2018,Fixed V-Bar,Fixed Angle,-,Aluminum,
Mount,RamRods,EDGE G3 / EDGE,2020,Fixed V-Bar,40x0 / 40x5 / 40x15 / 45x0,-,7075 Aluminum,
Mount,RamRods,EDGE Adjustable,2021,Adj. V-Bar,Micro-Adjustable,-,7075 Aluminum,
Mount,RamRods,EDGE Offset Mount,2021,Single Mount,Micro-Adjustable,-,7075 Aluminum,
Mount,RamRods,EDGE Quick Disconnect,2021,QD Mount,0 / 8 / 10 Degrees,-,7075 Aluminum,
Mount,RamRods,EDGE Carbon Ext.,2022,Extension,3" / 4" / 5",-,Carbon,
Mount,RamRods,Aluminum Ext. v2,2023,Extension,2" / 3",-,Aluminum,
Weight,RamRods,Standard Weights,2018,Weight,0.5 / 1 / 2 / 4 oz,-,Stainless Steel,
Weight,RamRods,Weight Stack Kit,2019,Weight,4-2-1 oz,-,Stainless Steel,
Weight,RamRods,Blender Weight,2020,Weight,-,-,Stainless Steel,
Weight,RamRods,Cap Weight,2020,Weight,2 oz,-,Stainless Steel,
Weight,RamRods,Tungsten Weights,2021,Weight,4 oz,-,Tungsten,
Weight,RamRods,Barebow HEX,2022,Weight,Heavy,-,Stainless Steel,
Weight,RamRods,Tungsten Damping Weights,2023,Weight,-,-,Tungsten + Rubber,
Damper,RamRods,Vero Damper,2018,Damper,Standard,-,Rubber,
Damper,RamRods,EQ Cylinder Damper,2024,Damper,1.25" / Soft (30),-,Rubber,1-4 oz
Damper,RamRods,EQ Cylinder Damper,2024,Damper,1.25" / Medium (40),-,Rubber,4-8 oz
Damper,RamRods,EQ Cylinder Damper,2024,Damper,1.25" / Firm (50),-,Rubber,8-12 oz
Damper,RamRods,EQ Taper Damper,2024,Damper,1.25" / Medium (40),-,Rubber,1-8 oz
Damper,RamRods,EQ Barrel Damper,2024,Damper,1.00" / Medium (40),-,Rubber,<8 oz
Damper,RamRods,EQ Barrel Damper,2024,Damper,1.00" / Firm (50),-,Rubber,>8 oz
Damper,RamRods,EQ Bow Damper,2024,Damper,0.75",-,Rubber,
Tab,Fivics,Saker 1,2009,RH / LH,XS/S/M/L/XL,-,Cordovan / Aluminum,Classic chin support
Tab,Fivics,Saker 2,2010,RH / LH,XXS/XS/S/M/L/XL,-,Cordovan / Aluminum,Ergonomic shape
Tab,Fivics,Saker 3,2011,RH / LH,XS/S/M/L/XL,-,Cordovan / Aluminum,Straight profile
Tab,Fivics,Saker Plus,2015,RH / LH,XS/S/M/L/XL,-,Cordovan / Aluminum,Adjustable plate weight
Tab,Fivics,Polite 3,2019,RH / LH,XS/S/M/L/XL,-,Cordovan / Brass or Alum,Heavy brass option available
Tab,Fivics,Tenfix 6D,2022,RH / LH,S/M/L,-,Cordovan / Aluminum,3D Adjustable plate
Tab,AAE,Cavalier Elite,2000,RH / LH,S/M/L/XL,-,Cordovan / Aluminum,Industry standard
Tab,AAE,KSL Gold Brass,2012,RH / LH,S/M/L,-,Cordovan / Brass,Heavy brass (Kisik Lee design)
Tab,AAE,KSL Aluminum,2012,RH / LH,S/M/L,-,Cordovan / Aluminum,Lightweight KSL
Tab,Fairweather,Mod Tab,2016,RH / LH,Plates: S/M/L | Rings: 17-25mm,-,Kangaroo Leather / Urethane,Customizable ring sizing
Tab,Fairweather,Barebow Tab,2020,RH / LH,Plates: S/M/L | Rings: 17-25mm,-,Kangaroo Leather / Urethane,String walking marks
Tab,Shibuya,Apex,2023,RH / LH,S/M/L/XL,-,Cordovan / Aluminum,Internal mounting system
Tab,Shibuya,Chung-Tae Kim,2010,RH / LH,S/M/L,-,Cordovan / Aluminum,
Tab,Axcel,Contour,2018,RH / LH,S/M/L/XL,-,Cordovan / Aluminum,Ergonomic palm curve
Tab,Axcel,Contour Pro,2018,RH / LH,S/M/L/XL,-,Cordovan / Brass,Heavy brass version
Tab,Win&Win,EZ Tab,2016,RH / LH,XS/S/M/L,-,Cordovan / Aluminum,Adjustable plate
Tab,Win&Win,EZR Tab,2018,RH / LH,XS/S/M/L,-,Cordovan / Aluminum,Round edge plate
Tab,Win&Win,360 Cordovan,2012,RH / LH,S/M/L,-,Cordovan / Aluminum,
Tab,WNS,SF-200,2018,RH / LH,S/M/L,-,Cordovan / Aluminum,Intermediate
Tab,WNS,SF-100,2018,RH / LH,S/M/L,-,Leather / Aluminum,Beginner / Intermediate
Tab,Avalon,Tec One,2018,RH / LH,XS/S/M/L/XL,-,Cow Leather / Aluminum,Budget Friendly
Tab,Avalon,Classic,2015,RH / LH,XS/S/M/L/XL,-,Leather / Aluminum,Beginner Standard
Tab,Decut,Rugbii,2016,RH / LH,S/M/L/XL,-,Leather / Alum or Brass,Budget Heavy option
Tab,Decut,Mix,2015,RH / LH,S/M/L/XL,-,Leather / Aluminum,Beginner
Tab,Spigarelli,BB Tab,2010,RH / LH,S/M/L,-,Cordovan / Aluminum,Barebow Classic
Tab,Yost,Barebow Tab,2019,RH / LH,S/M/L,-,Cordovan / Aluminum,Popular Barebow
Tab,Bicaster,Barebow Tab,2021,RH / LH,S/M/L,-,Cordovan / Brass or Alum,Budget Barebow
Tab,Angel,Majesta,2010,RH / LH,S/M/L,-,Cordovan / Brass or Alum,Legendary Japanese Tab
Tab,Angel,Standard Cordovan,2005,RH / LH,S/M/L,-,Cordovan / Aluminum,Classic Japanese
Tab,Gillo,GTL-88,2022,RH / LH,S/M/L,-,Cordovan / 3D Plastic,Adjustable Target Tab
Tab,Gillo,GTL-59,2019,RH / LH,S/M/L,-,Leather / Aluminum,Barebow Tab
Tab,Gillo,Ghost,2021,RH / LH,S/M/L,-,Leather / Aluminum,Barebow (Vittorio Frangilli)
Tab,Wiawis,Multi,2021,RH / LH,S/M/L,-,Cordovan / Aluminum,Multi-adjustable plate
Tab,Soma,Saker (Original),2005,RH / LH,S/M/L,-,Cordovan / Aluminum,Pre-Fivics Era Classic
Tab,Cartel,Smart,2012,RH / LH,S/M/L,-,Leather / Aluminum,Beginner / Intermediate
Tab,Cartel,Elite,2010,RH / LH,S/M/L,-,Leather / Aluminum,Beginner
Tab,Cartel,Pro-I,2005,RH / LH,S/M/L,-,Leather / Aluminum,Beginner
Tab,Epic,Fusion EX,2018,RH / LH,S/M/L/XL,-,Leather / Aluminum,Intermediate
Tab,Krossen,X-Treme,2017,RH / LH,S/M/L,-,Leather / Aluminum,Beginner / Intermediate
Tab,Infitec,Nexus,2015,RH / LH,S/M/L,-,Cordovan / Aluminum,Intermediate
Tab,Infitec,Challenger,2016,RH / LH,S/M/L,-,Leather / Aluminum,Beginner
Tab,Decut,Hockii,2017,RH / LH,S/M/L/XL,-,Leather / Aluminum,Adjustable Target
Tab,Decut,Prominent,2018,RH / LH,S/M/L/XL,-,Leather / Aluminum,Target
Tab,Decut,Barbi,2019,RH / LH,S/M/L/XL,-,Leather / Aluminum,Barebow Tab
Tab,Avalon,Tyro,2015,RH / LH,XS/S/M/L/XL,-,Leather / Plastic,Super Beginner (Very Cheap)
Tab,Avalon,Tec One Barebow,2019,RH / LH,XS/S/M/L/XL,-,Leather / Aluminum,Barebow Beginner
Tab,Sanlida,X10 Target,2020,RH / LH,S/M/L,-,Cordovan / Aluminum,Flagship Target Tab
Tab,Sanlida,Miracle,2019,RH / LH,S/M/L,-,Leather / Aluminum,Intermediate
Tab,A&F,Platform,2000s,RH / LH,S/M/L,-,Leather / Aluminum,Classic European Target
Tab,A&F,Barebow,2000s,RH / LH,S/M/L,-,Leather / Aluminum,Classic European Barebow
Tab,Gompy,PT-2,2000s,RH / LH,S/M/L,-,Leather / Aluminum,Classic European
Tab,Gompy,TB-2,2000s,RH / LH,S/M/L,-,Hair / Leather,Traditional / Barebow
Tab,Bicaster,ASA,2022,RH / LH,S/M/L,-,Cordovan / Aluminum,Target Beginner
Tab,Bicaster,ASG,2022,RH / LH,S/M/L,-,Leather / Aluminum,Target Beginner
Tab,WNS,SPR-100,2022,RH / LH,S/M/L,-,Cordovan / Aluminum,Advanced Target
Tab,WNS,SMC,2021,RH / LH,S/M/L,-,Cordovan / Carbon,Carbon Plate Target
Tab,Black Mamba,Venom,2015,RH / LH,S/M/L,-,Cordovan / Aluminum,Barebow High-End
Arrow Shaft,Easton,X10,1996,ID 3.2mm (Micro),325-1000 Spine,5.3-8.4 GPI,Alum/Carbon,Barrelled (ป่องกลาง) Target Standard
Arrow Shaft,Easton,X10 Protour,2010,ID 3.2mm (Micro),340-770 Spine,6.0-8.8 GPI,Alum/Carbon,Tapered (โคนใหญ่ปลายเล็ก) สำหรับ Compound
Arrow Shaft,Easton,A/C/E,1980s,ID 3.2mm (Micro),370-1250 Spine,4.6-8.5 GPI,Alum/Carbon,Barrelled น้ำหนักเบาสู้ลมดี
Arrow Shaft,Easton,Avance,2020,ID 4.2mm (Small),340-2000 Spine,4.0-8.1 GPI,100% Carbon,Parallel (แทนรุ่น Carbon One)
Arrow Shaft,Easton,Avance Sport,2020,ID 4.2mm (Small),340-2000 Spine,4.0-8.1 GPI,100% Carbon,Straightness +/- .005
Arrow Shaft,Easton,5.0 Match Grade,2023,ID 5.0mm,250-500 Spine,7.3-10.1 GPI,Carbon (Acu-Carbon),Straightness +/- .001 (ใช้ HIT Insert)
Arrow Shaft,Easton,RX-7,2019,ID 9.3mm (Max),21 / 22 / 23,-,Aluminum,Tapered สำหรับยิงในร่ม (Indoor)
Arrow Shaft,Pandarus,Elite CA320,2021,ID 3.2mm (Micro),350-1000 Spine,5.3-8.5 GPI,Alum/Carbon (CAC),Javelin Shaped (หัวเล็กท้ายใหญ่)
Arrow Shaft,Pandarus,Champion,2020,ID 3.2mm (Micro),300-800 Spine,5.03-10.2 GPI,Alum/Carbon (CAC),Spindle Shape (ป่องกลาง)
Arrow Shaft,Pandarus,Versus V23,2021,ID 8.0mm,300-500 Spine,6.5-6.87 GPI,Pure Carbon,Fat Shaft สำหรับยิงในร่ม
Arrow Shaft,Skylon,Paragon,2019,ID 3.2mm (Micro),350-1000 Spine,5.0-8.5 GPI,40T Carbon,Micro Target OD 4.5-5.3mm
Arrow Shaft,Skylon,Precium,2020,ID 3.2mm (Micro),350-1100 Spine,4.8-8.2 GPI,40T Carbon,Micro Target น้ำหนักเบาพิเศษ
Arrow Shaft,Skylon,Brixxon,2019,ID 4.2mm (Small),350-1100 Spine,5.3-9.0 GPI,24T Carbon,OD 5.3-6.1mm ระดับกลาง
Arrow Shaft,Skylon,Bentwood,2020,ID 6.2mm,300-800 Spine,5.4-9.68 GPI,24T Carbon,ลูกคาร์บอนลายไม้ (Traditional)
Arrow Shaft,Victory,VAP Target,2015,ID 4.2mm (Small),350-1000 Spine,5.0-8.5 GPI,Carbon,Armor Piercing Nano Ceramic Coating
Arrow Shaft,Victory,VXT,2018,ID 3.2mm (Micro),355-1000 Spine,5.5-8.5 GPI,Carbon,Tapered Target Shaft
Arrow Shaft,Victory,VForce Gamer,2019,ID 6.2mm (0.245"),300-600 Spine,6.6-9.7 GPI,Carbon,OD 0.298" Standard Diameter
Arrow Shaft,Fivics,Five-X,2018,ID 3.2mm (Micro),350-1000 Spine,5.5-8.5 GPI,Advanced Carbon,MC Cross Carbon
Arrow Shaft,Fivics,Ten-X,2019,ID 3.2mm (Micro),350-1000 Spine,5.0-8.0 GPI,Advanced Carbon,High Modulus Target
Arrow Shaft,Black Eagle,X-Impact,2016,ID 3.2mm (Micro),250-1100 Spine,5.0-9.0 GPI,100% Carbon,Ultra-light Micro
Arrow Shaft,Carbon Express,Nano Pro,2008,ID 3.2mm (Micro),350-900 Spine,5.8-8.5 GPI,Advanced Carbon,Parallel / Flagship
Arrow Shaft,Carbon Express,Nano SST,2014,ID 3.2mm (Micro),400-1000 Spine,5.5-8.2 GPI,Carbon,Tri-Spine Technology (หน้า-หลังอ่อน กลางแข็ง)
Arrow Shaft,Carbon Express,Nano XT,2016,ID 3.2mm (Micro),400-1100 Spine,5.0-8.0 GPI,Carbon,Intermediate Target
Arrow Shaft,Carbon Express,Medallion-XR,2010,ID 4.2mm (Small),400-2000 Spine,4.5-8.5 GPI,Carbon,Entry/Intermediate Target
Arrow Shaft,Black Eagle,Revelation,2018,ID 3.2mm (Micro),300-800 Spine,5.9-9.5 GPI,100% Carbon,Flagship Micro Target / Heavy GPI
Arrow Shaft,Black Eagle,Deep Impact,2014,ID 4.2mm (Small),300-500 Spine,7.3-10.8 GPI,Carbon,Heavy Target & Hunting
Arrow Shaft,Gold Tip,Pierce Tour,2016,ID 4.2mm (Small),340-700 Spine,7.0-9.5 GPI,Carbon,Straightness +/- .001
Arrow Shaft,Gold Tip,Velocity,2012,ID 6.2mm (Standard),300-600 Spine,6.3-8.5 GPI,Carbon,High Speed / 3D Target
Arrow Shaft,Gold Tip,Nine.3 Max Pro,2015,ID 9.3mm (Max),250 Spine,8.5 GPI,Carbon,Fat Shaft (Indoor 18m)
Arrow Shaft,Gold Tip,X-Cutter Pro,2010,OD 9.0mm (Fat),250 Spine,7.8 GPI,Carbon,Indoor & 3D
Arrow Shaft,Beman,Carbon Flash,2000s,ID 4.2mm (Small),570-1400 Spine,5.0-7.5 GPI,Carbon/Glass Blend,Beginner Classic (Discontinued)
Arrow Shaft,Beman,Diva,2010,ID 4.2mm (Small),500-1000 Spine,5.5-8.0 GPI,Carbon,Target Arrow
Arrow Shaft,Avalon,Tec One,2016,ID 4.2mm (Small),300-1300 Spine,5.0-9.0 GPI,100% Carbon,Budget Intermediate Target
Arrow Shaft,Avalon,Classic,2015,ID 4.2mm (Small),400-1500 Spine,4.8-8.5 GPI,Carbon,Beginner
Arrow Shaft,Avalon,Tyro,2015,ID 4.2mm (Small),600-2000 Spine,4.5-8.0 GPI,Carbon Composite,Entry Level / Club Arrow
Arrow Shaft,WNS,S-Carbon,2018,ID 4.2mm (Small),500-1100 Spine,5.5-8.5 GPI,Carbon,Beginner/Intermediate
Arrow Shaft,WNS,SAT (Spine Arrow Target),2019,ID 4.2mm (Small),500-1400 Spine,5.0-8.0 GPI,Carbon,Beginner
Arrow Shaft,Skylon,Novice,2019,ID 4.2mm (Small),800-2000 Spine,4.0-7.0 GPI,24T Carbon,Beginner / Fiberglass-Carbon blend
Arrow Shaft,Cross-X,Ambition,2016,ID 4.2mm (Small),500-1300 Spine,5.5-8.5 GPI,Carbon,Entry Target
Point,Easton,X10 Tungsten,1996,Break-off (ID 3.2),-,100 / 110 / 120 gr,Tungsten,ความหนาแน่นสูง หน้าตัดเล็กสู้ลม
Point,Easton,X10 Stainless,1996,Break-off (ID 3.2),-,90 / 100 / 110 / 120 gr,Stainless Steel,หัว X10 มาตรฐาน
Point,Easton,Avance Point,2020,Break-off (ID 4.2),-,70-110 gr,Stainless Steel,ใช้กับ Avance / Carbon One
Point,Pandarus,CA320 / Champion,2020,Break-off (ID 3.2),-,80-120 gr,Stainless Steel,
Point,Skylon,Paragon Bulge,2019,Break-off (ID 3.2),-,80-120 gr,Stainless Steel,หัวทรง Bulge (ป่องลดแรงเสียดทาน)
Point,Carbon Express,Nano Pro Tool Steel,2008,Break-off (ID 3.2),-,90-120 gr,Tool Steel,High durability
Point,Black Eagle,Revelation Tungsten,2018,Break-off (ID 3.2),-,100-120 gr,Tungsten,
Point,Black Eagle,Stainless Break-off,2016,Break-off (ID 3.2 & 4.2),-,70-120 gr,Stainless Steel,
Point,Gold Tip,Pierce Point,2016,Glue-in (ID 4.2),-,80 / 100 / 120 gr,Stainless Steel,
Point,TopHat,Tungsten Break-off,2015,Break-off (ID 3.2),-,100-140 gr,Tungsten,Premium Aftermarket for X10/Nano Pro
Point,TopHat,Stainless Bullet,2015,Glue-in (ID 4.2),-,70-100 gr,Stainless Steel,Precision machined
Pin Adapter,Easton,X10 Pin,2005,Insert (ID 3.2),-,8.0 gr,Aluminum,ใส่ท้ายก้านเพื่อเสียบ Pin Nock
Pin Adapter,Skylon,ID 3.2 Pin,2019,Insert (ID 3.2),-,8.0 - 10.0 gr,Aluminum,
Pin Adapter,Carbon Express,Nano Pin,2008,Insert (ID 3.2),-,8.5 gr,Aluminum,
Pin Adapter,Black Eagle,Revelation Pin,2018,Insert (ID 3.2),-,9.0 gr,Aluminum,
Pin Adapter,TopHat,Pin Adapter,2017,Insert (All IDs),-,7.5-10.0 gr,Aluminum,High precision aftermarket
Nock,Beiter,Insert Nock (12/1 & 12/2),1990s,In-Out fit (ID 3.2),-,4.5 gr,Polycarbonate,Asymmetrical (บนล่างไม่สมมาตร)
Nock,Beiter,Pin Nock,2010,Pin Mount,-,3.4 gr,Polycarbonate,ใส่กับ Pin Adapter
Nock,Easton,Pin Nock,2005,Pin Mount,Small / Large,2.5 gr,Polycarbonate,Symmetrical
Nock,Easton,G-Nock,1990s,Insert (ID 4.2),Small / Large,7.0 gr,Polycarbonate,เสียบเข้าก้าน 4.2mm ได้โดยตรง
Nock,Fivics,Pin Nock,2015,Pin Mount,Small / Large,2.5 gr,Polycarbonate,ร่องล็อกสายแน่นกระชับ
Nock,Bohning,Smooth Release Pin Nock,2018,Pin Mount,Small/Large,3.5 gr,Polycarbonate,Smooth release lip
Nock,Bohning,Blazer Nock,2010,Insert (ID 6.2),-,9.0 gr,Polycarbonate,Standard hunting/3D
Nock,Carbon Express,Pin Nock,2010,Pin Mount,Small/Large,3.0 gr,Polycarbonate,
Nock,Avalon,Pin Nock,2016,Pin Mount,Small/Large,2.8 gr,Polycarbonate,Budget replacement
Vane,Spider Vanes,Original,2018,Right-Helical,1.8",1.2 gr,Mylar,High profile spin (ทรงสูง)
Vane,KSL,Jet6,2019,Right-Helical,1.75",1.5 gr,Aerodynamic Plastic,มีร่องรีดอากาศ (Aero Channels)
Vane,Spin-Wing,Original,1990s,Right / Left Helical,1.75",1.0 gr,Mylar,The classic spin vane ตำนานวงการ
Vane,Gas Pro,Olympic Spin,2015,Right / Left Helical,2.0",1.3 gr,Plastic,Medium stiffness (แข็งปานกลาง)
Vane,Bicaster,Spin Vanes Twist,2021,Right-Helical,1.75",1.0 gr,Flexible Plastic,น้ำหนักเบา
Vane,AAE,WAV,2016,Straight / Offset,2.0",1.7 gr,Durable Plastic,ปีกยางทรงเตี้ย ยอดฮิตสายปีกยาง
Vane,Bohning,Ice,2015,Straight / Offset,3.0",6.5 gr,Plastic,ทนทาน สำหรับลูกก้านใหญ่
Vane,XS Wings,Target Profile,2016,Right/Left Helical,40mm / 50mm,1.2 gr,Mylar,High stiffness / Bright colors (Europe)
Vane,EliVanes,S3 / P3,2014,Right/Left Helical,1.75",1.0 gr,Plastic,Shield & Parabolic shapes (Italian)
Vane,Kurly Vanes,Original,2000s,Right/Left Helical,1.75",1.0 gr,Mylar,Classic UK spin vane
Vane,Flex Fletch,FHP-200,2010,Straight/Offset,2.0",3.2 gr,Polyurethane,Extremely durable target vane
Vane,Bohning,Zen,2019,Straight/Offset,4.0",12.5 gr,Plastic,Indoor / Fat shaft target
Vane,Bohning,Air,2016,Straight/Offset,2.0",4.5 gr,Plastic,Low profile target
Vane,Gateway,Parabolic Feathers,1990s,Right/Left Wing,3" / 4",2.0-3.0 gr,Turkey Feather,Indoor Target & Traditional
Vane,Trueflight,Shield Cut Feathers,1990s,Right/Left Wing,3" / 4",2.0-3.0 gr,Turkey Feather,Indoor Target
